<DATE>	<TIME>	<OPEN>	<HIGH>	<LOW>	<CLOSE>	<TICKVOL>	<VOL>	<SPREAD>
2024.01.02	01:00:00	2062.91	2066.54	2062.80	2065.70	1165	0	7
2024.01.02	01:15:00	2065.70	2066.32	2065.07	2065.39	956	0	4
2024.01.02	01:30:00	2065.31	2065.48	2064.07	2064.52	1184	0	20
2024.01.02	01:45:00	2064.47	2064.56	2063.14	2063.66	973	0	20
2024.01.02	02:00:00	2063.68	2064.99	2063.31	2064.02	1044	0	4
2024.01.02	02:15:00	2064.05	2064.50	2062.17	2063.32	1413	0	20
2024.01.02	02:30:00	2063.30	2064.73	2062.80	2064.52	904	0	20
2024.01.02	02:45:00	2064.50	2065.94	2064.36	2065.45	1446	0	20
2024.01.02	03:00:00	2065.43	2069.71	2064.88	2069.23	3798	0	20
2024.01.02	03:15:00	2069.21	2069.97	2067.32	2068.49	2227	0	20
2024.01.02	03:30:00	2068.52	2068.59	2066.85	2068.17	2236	0	20
2024.01.02	03:45:00	2068.18	2069.18	2066.22	2066.53	1566	0	4
2024.01.02	04:00:00	2066.50	2066.86	2063.89	2064.62	1944	0	20
2024.01.02	04:15:00	2064.62	2067.12	2064.52	2066.72	1457	0	20
2024.01.02	04:30:00	2066.68	2068.44	2065.80	2067.44	2134	0	20
2024.01.02	04:45:00	2067.44	2068.31	2067.28	2067.83	1146	0	20
2024.01.02	05:00:00	2067.83	2069.56	2066.38	2068.99	1604	0	20
2024.01.02	05:15:00	2068.97	2070.08	2068.97	2069.72	1325	0	20
2024.01.02	05:30:00	2069.76	2070.03	2069.35	2069.89	988	0	20
2024.01.02	05:45:00	2069.87	2070.45	2068.53	2069.62	1105	0	20
2024.01.02	06:00:00	2069.65	2070.54	2069.26	2070.28	825	0	4
2024.01.02	06:15:00	2070.38	2070.74	2068.84	2069.48	905	0	4
2024.01.02	06:30:00	2069.50	2070.48	2069.48	2069.92	679	0	4
2024.01.02	06:45:00	2069.95	2070.32	2068.82	2069.62	1008	0	20
2024.01.02	07:00:00	2069.67	2071.77	2069.41	2071.67	1322	0	20
2024.01.02	07:15:00	2071.69	2071.92	2070.69	2071.46	1466	0	20
2024.01.02	07:30:00	2071.56	2072.28	2070.73	2072.04	1736	0	20
2024.01.02	07:45:00	2072.14	2074.95	2071.87	2074.34	2836	0	20
2024.01.02	08:00:00	2074.36	2075.02	2072.85	2074.84	2497	0	20
2024.01.02	08:15:00	2074.65	2076.83	2074.11	2075.87	2507	0	20
2024.01.02	08:30:00	2075.88	2076.69	2074.70	2075.10	4915	0	19
2024.01.02	08:45:00	2075.00	2075.31	2073.72	2074.04	3122	0	19
2024.01.02	09:00:00	2074.01	2075.85	2073.28	2075.40	4913	0	19
2024.01.02	09:15:00	2075.41	2076.51	2074.42	2075.36	5307	0	19
2024.01.02	09:30:00	2075.38	2075.78	2074.60	2075.24	3463	0	16
2024.01.02	09:45:00	2075.24	2075.48	2073.03	2073.27	4798	0	16
2024.01.02	10:00:00	2073.27	2074.60	2072.21	2074.03	6533	0	16
2024.01.02	10:15:00	2074.03	2074.24	2072.15	2072.72	4538	0	16
2024.01.02	10:30:00	2072.72	2074.50	2071.70	2073.98	5792	0	16
2024.01.02	10:45:00	2073.98	2074.07	2072.28	2073.31	3999	0	16
2024.01.02	11:00:00	2073.30	2075.64	2073.17	2074.63	4391	0	16
2024.01.02	11:15:00	2074.63	2075.64	2073.91	2074.65	4394	0	16
2024.01.02	11:30:00	2074.65	2078.99	2074.54	2078.29	5125	0	16
2024.01.02	11:45:00	2078.26	2078.94	2076.66	2077.14	4785	0	16
2024.01.02	12:00:00	2077.14	2077.87	2074.46	2075.06	4253	0	16
2024.01.02	12:15:00	2075.05	2075.43	2073.35	2074.61	4429	0	16
2024.01.02	12:30:00	2074.65	2076.15	2074.28	2075.74	3911	0	16
2024.01.02	12:45:00	2075.72	2076.66	2075.33	2075.98	3842	0	16
2024.01.02	13:00:00	2075.98	2076.27	2073.79	2074.09	4373	0	16
2024.01.02	13:15:00	2073.98	2075.97	2072.74	2075.02	5599	0	16
2024.01.02	13:30:00	2075.03	2075.09	2068.31	2068.90	6471	0	16
2024.01.02	13:45:00	2068.89	2070.39	2068.18	2069.33	5799	0	16
2024.01.02	14:00:00	2069.13	2069.52	2066.16	2066.76	6079	0	16
2024.01.02	14:15:00	2066.76	2067.19	2064.93	2066.14	5648	0	16
2024.01.02	14:30:00	2066.11	2068.42	2065.54	2067.28	5295	0	16
2024.01.02	14:45:00	2067.28	2068.21	2066.59	2067.91	4522	0	16
2024.01.02	15:00:00	2067.90	2068.87	2064.76	2065.68	7417	0	16
2024.01.02	15:15:00	2065.68	2068.70	2065.29	2067.09	8331	0	16
2024.01.02	15:30:00	2067.10	2071.18	2066.85	2069.77	9398	0	16
2024.01.02	15:45:00	2069.76	2069.82	2064.78	2066.37	8551	0	16
2024.01.02	16:00:00	2066.38	2067.40	2064.81	2065.31	7664	0	16
2024.01.02	16:15:00	2065.31	2068.01	2064.52	2066.04	7255	0	16
2024.01.02	16:30:00	2066.03	2069.93	2062.04	2065.88	13765	0	16
2024.01.02	16:45:00	2065.86	2070.52	2065.74	2070.29	15018	0	16
2024.01.02	17:00:00	2070.29	2070.79	2066.45	2067.24	10587	0	16
2024.01.02	17:15:00	2067.24	2067.91	2063.90	2064.83	9514	0	16
2024.01.02	17:30:00	2064.82	2065.35	2055.82	2058.95	15677	0	16
2024.01.02	17:45:00	2058.85	2059.86	2057.19	2059.31	10077	0	16
2024.01.02	18:00:00	2059.32	2067.70	2059.02	2066.44	11619	0	16
2024.01.02	18:15:00	2066.44	2067.01	2064.68	2065.41	7586	0	16
2024.01.02	18:30:00	2065.43	2065.71	2064.00	2065.03	6269	0	16
2024.01.02	18:45:00	2065.03	2067.00	2064.90	2066.06	4224	0	16
2024.01.02	19:00:00	2066.05	2067.03	2064.62	2064.83	3985	0	18
2024.01.02	19:15:00	2064.86	2065.03	2062.65	2064.01	4994	0	18
2024.01.02	19:30:00	2063.98	2065.27	2063.55	2064.54	3442	0	18
2024.01.02	19:45:00	2064.51	2064.64	2061.68	2062.63	4457	0	18
2024.01.02	20:00:00	2062.66	2063.39	2061.32	2062.63	3605	0	18
2024.01.02	20:15:00	2062.62	2065.02	2062.40	2064.49	3358	0	18
2024.01.02	20:30:00	2064.44	2064.47	2061.32	2061.56	3412	0	18
2024.01.02	20:45:00	2061.58	2062.51	2060.52	2061.13	3605	0	18
2024.01.02	21:00:00	2061.23	2062.23	2060.77	2061.69	2482	0	18
2024.01.02	21:15:00	2061.64	2061.94	2060.31	2061.59	2234	0	18
2024.01.02	21:30:00	2061.58	2062.12	2061.11	2061.79	1488	0	18
2024.01.02	21:45:00	2061.79	2061.87	2060.38	2060.87	2308	0	18
2024.01.02	22:00:00	2060.88	2061.69	2060.37	2060.81	1713	0	18
2024.01.02	22:15:00	2060.82	2061.43	2059.42	2059.65	2172	0	18
2024.01.02	22:30:00	2059.68	2060.30	2058.79	2058.96	2481	0	18
2024.01.02	22:45:00	2058.97	2059.40	2057.83	2058.14	3246	0	18
2024.01.02	23:00:00	2058.15	2058.99	2057.91	2058.77	849	0	18
2024.01.02	23:15:00	2058.77	2059.12	2058.27	2058.38	527	0	11
2024.01.02	23:30:00	2058.40	2058.85	2058.34	2058.48	401	0	29
2024.01.02	23:45:00	2058.48	2059.27	2058.37	2058.91	396	0	4
2024.01.03	01:00:00	2059.16	2059.43	2058.67	2058.92	461	0	5
2024.01.03	01:15:00	2058.90	2059.52	2058.63	2059.28	460	0	5
2024.01.03	01:30:00	2059.28	2059.61	2058.65	2059.42	584	0	4
2024.01.03	01:45:00	2059.42	2060.08	2059.02	2059.54	1441	0	4
2024.01.03	02:00:00	2059.54	2061.09	2059.20	2060.98	979	0	4
2024.01.03	02:15:00	2060.96	2062.12	2060.34	2062.08	865	0	4
2024.01.03	02:30:00	2062.10	2062.18	2059.88	2060.33	1728	0	20
2024.01.03	02:45:00	2060.31	2060.87	2059.95	2060.02	917	0	4
2024.01.03	03:00:00	2060.05	2062.18	2059.95	2062.08	1547	0	20
2024.01.03	03:15:00	2062.07	2062.07	2059.46	2061.15	2088	0	20
2024.01.03	03:30:00	2061.19	2062.10	2060.93	2061.33	1936	0	20
2024.01.03	03:45:00	2061.33	2062.61	2061.09	2062.42	1400	0	20
2024.01.03	04:00:00	2062.40	2064.10	2061.47	2064.00	1528	0	20
2024.01.03	04:15:00	2064.02	2064.39	2062.62	2064.11	1699	0	20
2024.01.03	04:30:00	2064.09	2065.12	2063.35	2064.55	1293	0	20
2024.01.03	04:45:00	2064.56	2065.18	2063.87	2064.71	1239	0	20
2024.01.03	05:00:00	2064.69	2065.64	2063.48	2063.68	1258	0	20
2024.01.03	05:15:00	2063.68	2064.02	2063.16	2063.61	1182	0	20
2024.01.03	05:30:00	2063.62	2065.31	2063.29	2065.08	899	0	20
2024.01.03	05:45:00	2065.08	2065.33	2064.40	2065.10	698	0	4
2024.01.03	06:00:00	2065.05	2065.08	2064.32	2064.70	578	0	4
2024.01.03	06:15:00	2064.72	2065.21	2064.54	2065.10	413	0	4
2024.01.03	06:30:00	2065.07	2065.60	2064.73	2065.00	574	0	4
2024.01.03	06:45:00	2065.00	2065.09	2064.37	2064.77	545	0	20
2024.01.03	07:00:00	2064.74	2064.74	2063.50	2063.87	1023	0	4
2024.01.03	07:15:00	2063.77	2064.32	2063.38	2063.58	648	0	20
2024.01.03	07:30:00	2063.60	2066.05	2063.48	2064.96	1853	0	20
2024.01.03	07:45:00	2064.94	2065.05	2063.66	2064.05	1381	0	20
2024.01.03	08:00:00	2064.05	2065.46	2063.62	2065.17	1522	0	20
2024.01.03	08:15:00	2065.15	2065.39	2063.31	2064.58	1609	0	20
2024.01.03	08:30:00	2064.59	2064.95	2064.14	2064.21	1723	0	19
2024.01.03	08:45:00	2064.19	2065.22	2063.69	2064.34	2049	0	7
2024.01.03	09:00:00	2064.31	2064.43	2061.97	2062.10	4000	0	19
2024.01.03	09:15:00	2062.13	2062.57	2060.79	2061.36	5101	0	19
2024.01.03	09:30:00	2061.38	2063.48	2060.94	2063.26	3995	0	16
2024.01.03	09:45:00	2063.27	2063.90	2062.51	2062.83	3946	0	16
2024.01.03	10:00:00	2062.81	2064.43	2062.29	2063.80	4403	0	16
2024.01.03	10:15:00	2063.80	2063.80	2058.84	2060.72	5953	0	16
2024.01.03	10:30:00	2060.72	2061.80	2059.79	2061.64	5306	0	16
2024.01.03	10:45:00	2061.64	2061.81	2059.30	2060.03	4854	0	16
2024.01.03	11:00:00	2060.05	2060.66	2057.84	2058.41	4838	0	16
2024.01.03	11:15:00	2058.41	2059.29	2057.76	2058.80	4778	0	16
2024.01.03	11:30:00	2058.80	2059.24	2054.20	2055.13	4675	0	16
2024.01.03	11:45:00	2055.13	2057.09	2055.04	2056.80	5491	0	16
2024.01.03	12:00:00	2056.81	2057.25	2055.41	2055.70	4336	0	16
2024.01.03	12:15:00	2055.69	2055.81	2052.54	2052.93	4863	0	16
2024.01.03	12:30:00	2053.13	2055.48	2052.94	2054.75	4770	0	16
2024.01.03	12:45:00	2054.75	2056.03	2054.20	2054.87	3753	0	16
2024.01.03	13:00:00	2054.87	2055.71	2052.21	2053.00	4052	0	16
2024.01.03	13:15:00	2053.21	2053.81	2051.46	2052.40	4384	0	16
2024.01.03	13:30:00	2052.40	2052.42	2047.60	2049.03	6347	0	16
2024.01.03	13:45:00	2049.04	2050.04	2046.60	2047.70	6260	0	16
2024.01.03	14:00:00	2047.69	2048.23	2042.91	2045.47	8597	0	16
2024.01.03	14:15:00	2045.47	2046.35	2041.69	2043.52	7037	0	16
2024.01.03	14:30:00	2043.50	2046.25	2041.95	2046.16	8060	0	16
2024.01.03	14:45:00	2046.05	2048.46	2045.21	2045.71	7037	0	16
2024.01.03	15:00:00	2045.71	2048.10	2044.83	2045.39	8651	0	16
2024.01.03	15:15:00	2045.19	2046.43	2041.29	2042.85	9269	0	16
2024.01.03	15:30:00	2042.85	2045.03	2041.35	2041.91	9383	0	16
2024.01.03	15:45:00	2041.90	2042.00	2038.60	2041.00	8976	0	16
2024.01.03	16:00:00	2041.01	2042.43	2036.32	2037.40	9519	0	16
2024.01.03	16:15:00	2037.37	2037.69	2034.56	2037.07	10906	0	16
2024.01.03	16:30:00	2037.11	2037.28	2031.66	2034.95	13066	0	16
2024.01.03	16:45:00	2034.95	2039.76	2034.22	2037.75	10890	0	16
2024.01.03	17:00:00	2037.59	2048.80	2035.34	2040.72	23241	0	16
2024.01.03	17:15:00	2040.72	2040.87	2035.37	2037.37	13773	0	16
2024.01.03	17:30:00	2037.36	2039.01	2032.03	2034.02	11933	0	16
2024.01.03	17:45:00	2034.04	2035.28	2031.75	2032.56	11565	0	16
2024.01.03	18:00:00	2032.58	2036.13	2031.20	2033.62	11551	0	16
2024.01.03	18:15:00	2033.54	2035.74	2033.33	2034.12	8906	0	16
2024.01.03	18:30:00	2034.12	2034.75	2032.49	2032.87	9304	0	16
2024.01.03	18:45:00	2032.86	2033.17	2031.29	2032.37	6863	0	16
2024.01.03	19:00:00	2032.36	2033.41	2030.87	2033.11	7049	0	18
2024.01.03	19:15:00	2033.21	2033.86	2031.93	2032.69	5775	0	18
2024.01.03	19:30:00	2032.74	2032.92	2030.49	2032.05	5010	0	18
2024.01.03	19:45:00	2032.15	2033.48	2030.92	2033.33	5058	0	18
2024.01.03	20:00:00	2033.23	2035.14	2032.79	2032.99	4947	0	18
2024.01.03	20:15:00	2033.01	2035.30	2032.86	2034.97	4125	0	18
2024.01.03	20:30:00	2034.98	2035.46	2033.89	2035.26	3076	0	18
2024.01.03	20:45:00	2035.16	2036.38	2034.92	2035.83	3859	0	18
2024.01.03	21:00:00	2035.82	2037.84	2030.49	2031.24	11546	0	18
2024.01.03	21:15:00	2031.28	2039.27	2031.15	2038.83	9016	0	18
2024.01.03	21:30:00	2038.84	2042.43	2036.21	2038.00	9935	0	18
2024.01.03	21:45:00	2037.99	2038.54	2034.68	2036.60	6920	0	18
2024.01.03	22:00:00	2036.62	2039.53	2036.35	2039.38	5823	0	18
2024.01.03	22:15:00	2039.39	2042.11	2039.13	2041.08	5849	0	18
2024.01.03	22:30:00	2041.09	2041.97	2040.59	2041.40	4547	0	18
2024.01.03	22:45:00	2041.40	2042.38	2040.59	2040.84	4251	0	18
2024.01.03	23:00:00	2040.85	2041.68	2040.20	2040.54	919	0	5
2024.01.03	23:15:00	2040.57	2041.80	2040.27	2041.38	562	0	29
2024.01.03	23:30:00	2041.37	2041.49	2040.50	2041.05	581	0	5
2024.01.03	23:45:00	2041.05	2041.49	2040.76	2041.27	316	0	8
2024.01.04	01:00:00	2041.88	2043.15	2041.55	2042.87	929	0	0
2024.01.04	01:15:00	2042.87	2043.10	2042.10	2042.57	510	0	20
2024.01.04	01:30:00	2042.56	2043.65	2042.24	2043.34	555	0	4
2024.01.04	01:45:00	2043.43	2043.95	2042.82	2042.94	1132	0	20
2024.01.04	02:00:00	2042.92	2043.12	2042.08	2042.76	1087	0	20
2024.01.04	02:15:00	2042.74	2043.15	2042.57	2042.95	645	0	4
2024.01.04	02:30:00	2042.93	2043.02	2042.06	2042.31	720	0	4
2024.01.04	02:45:00	2042.28	2042.86	2041.54	2042.10	930	0	20
2024.01.04	03:00:00	2042.12	2042.73	2041.46	2042.11	1696	0	20
2024.01.04	03:15:00	2042.10	2043.32	2040.56	2041.05	1640	0	4
2024.01.04	03:30:00	2041.08	2041.34	2039.98	2040.68	2015	0	20
2024.01.04	03:45:00	2040.68	2042.38	2040.52	2042.18	1792	0	20
2024.01.04	04:00:00	2042.16	2044.12	2042.16	2043.90	2072	0	20
2024.01.04	04:15:00	2043.85	2044.71	2043.26	2044.20	1562	0	20
2024.01.04	04:30:00	2044.18	2044.34	2042.49	2043.08	1235	0	20
2024.01.04	04:45:00	2043.06	2044.81	2042.67	2044.60	1292	0	20
2024.01.04	05:00:00	2044.60	2045.60	2044.02	2045.35	1348	0	20
2024.01.04	05:15:00	2045.45	2046.63	2045.12	2046.41	1069	0	20
2024.01.04	05:30:00	2046.45	2046.92	2045.71	2045.87	1247	0	20
2024.01.04	05:45:00	2045.87	2046.40	2044.50	2044.53	965	0	20
2024.01.04	06:00:00	2044.63	2044.73	2042.62	2043.43	1756	0	20
2024.01.04	06:15:00	2043.53	2043.91	2042.30	2043.19	1269	0	20
2024.01.04	06:30:00	2043.18	2044.67	2043.08	2044.34	859	0	20
2024.01.04	06:45:00	2044.31	2044.43	2042.52	2043.01	1052	0	4
2024.01.04	07:00:00	2043.12	2043.46	2042.36	2043.24	971	0	20
2024.01.04	07:15:00	2043.27	2043.75	2043.14	2043.41	702	0	20
2024.01.04	07:30:00	2043.42	2044.38	2042.29	2043.41	2055	0	20
2024.01.04	07:45:00	2043.41	2044.23	2043.18	2043.64	1307	0	20
2024.01.04	08:00:00	2043.61	2045.23	2043.50	2045.02	1806	0	20
2024.01.04	08:15:00	2045.12	2048.69	2044.78	2047.00	3530	0	20
2024.01.04	08:30:00	2047.01	2048.03	2045.77	2045.79	5271	0	19
2024.01.04	08:45:00	2045.79	2047.78	2045.10	2047.16	3612	0	19
2024.01.04	09:00:00	2047.15	2048.59	2046.82	2047.71	5367	0	19
2024.01.04	09:15:00	2047.71	2048.64	2046.39	2048.31	4227	0	19
2024.01.04	09:30:00	2048.33	2049.61	2046.57	2049.21	5466	0	16
2024.01.04	09:45:00	2049.21	2049.58	2047.05	2047.67	4814	0	16
2024.01.04	10:00:00	2047.67	2048.72	2046.62	2047.73	5260	0	16
2024.01.04	10:15:00	2047.72	2048.49	2046.81	2047.37	4208	0	16
2024.01.04	10:30:00	2047.38	2047.60	2045.35	2045.78	5334	0	16
2024.01.04	10:45:00	2045.77	2047.60	2045.35	2046.62	5084	0	16
2024.01.04	11:00:00	2046.62	2048.51	2046.30	2048.25	4708	0	16
2024.01.04	11:15:00	2048.05	2048.92	2046.19	2047.04	4323	0	16
2024.01.04	11:30:00	2047.14	2051.04	2047.14	2049.85	5749	0	16
2024.01.04	11:45:00	2049.95	2050.41	2047.58	2048.00	5258	0	16
2024.01.04	12:00:00	2047.88	2049.02	2046.80	2048.26	4667	0	16
2024.01.04	12:15:00	2048.26	2050.82	2048.07	2049.41	3869	0	16
2024.01.04	12:30:00	2049.42	2049.74	2047.83	2048.18	3849	0	16
2024.01.04	12:45:00	2048.18	2048.49	2046.55	2047.87	3892	0	16
2024.01.04	13:00:00	2047.85	2048.42	2047.03	2047.80	3561	0	16
2024.01.04	13:15:00	2047.80	2048.50	2047.37	2047.70	3042	0	16
2024.01.04	13:30:00	2047.70	2048.28	2046.85	2047.19	2752	0	16
2024.01.04	13:45:00	2047.20	2047.73	2044.82	2045.22	4133	0	16
2024.01.04	14:00:00	2045.16	2045.64	2043.20	2044.77	4656	0	16
2024.01.04	14:15:00	2044.77	2045.93	2043.82	2045.38	3311	0	16
2024.01.04	14:30:00	2045.48	2046.21	2044.60	2046.00	3601	0	16
2024.01.04	14:45:00	2045.99	2046.28	2045.20	2045.99	2840	0	16
2024.01.04	15:00:00	2045.97	2047.37	2045.24	2046.39	6159	0	16
2024.01.04	15:15:00	2046.38	2046.45	2042.36	2045.13	9666	0	16
2024.01.04	15:30:00	2044.48	2044.74	2038.68	2039.29	10751	0	16
2024.01.04	15:45:00	2039.33	2042.07	2039.09	2040.10	7209	0	16
2024.01.04	16:00:00	2040.09	2040.68	2037.31	2040.44	7487	0	16
2024.01.04	16:15:00	2040.43	2042.66	2039.93	2040.34	5878	0	16
2024.01.04	16:30:00	2040.36	2040.93	2038.81	2039.87	7673	0	16
2024.01.04	16:45:00	2039.87	2040.55	2036.10	2039.22	11164	0	16
2024.01.04	17:00:00	2039.22	2045.36	2039.00	2045.04	11294	0	16
2024.01.04	17:15:00	2045.04	2047.24	2042.65	2046.76	9163	0	16
2024.01.04	17:30:00	2046.77	2047.73	2044.49	2044.72	8926	0	16
2024.01.04	17:45:00	2044.72	2045.50	2043.40	2045.08	6807	0	16
2024.01.04	18:00:00	2045.11	2046.84	2044.14	2045.10	6042	0	16
2024.01.04	18:15:00	2045.10	2046.20	2043.96	2045.14	6733	0	16
2024.01.04	18:30:00	2045.04	2046.72	2044.60	2045.59	5610	0	16
2024.01.04	18:45:00	2045.59	2046.12	2044.24	2044.71	4768	0	16
2024.01.04	19:00:00	2044.70	2045.07	2043.09	2043.65	4582	0	18
2024.01.04	19:15:00	2043.45	2043.80	2041.41	2041.69	5203	0	18
2024.01.04	19:30:00	2041.68	2043.66	2040.75	2043.43	4856	0	18
2024.01.04	19:45:00	2043.46	2044.33	2042.55	2043.23	3487	0	18
2024.01.04	20:00:00	2043.24	2044.11	2041.72	2042.49	2985	0	18
2024.01.04	20:15:00	2042.39	2043.05	2041.40	2042.43	3004	0	18
2024.01.04	20:30:00	2042.41	2043.62	2041.98	2042.84	3677	0	18
2024.01.04	20:45:00	2042.83	2043.42	2041.94	2043.12	2153	0	18
2024.01.04	21:00:00	2043.13	2044.10	2042.77	2042.89	1879	0	18
2024.01.04	21:15:00	2042.88	2043.29	2042.40	2042.80	1495	0	18
2024.01.04	21:30:00	2042.80	2043.18	2042.33	2043.04	1303	0	18
2024.01.04	21:45:00	2043.04	2044.92	2042.91	2044.33	2645	0	18
2024.01.04	22:00:00	2044.29	2044.84	2043.96	2044.72	1850	0	18
2024.01.04	22:15:00	2044.70	2044.71	2043.52	2044.45	1763	0	18
2024.01.04	22:30:00	2044.44	2044.81	2044.02	2044.28	1595	0	18
2024.01.04	22:45:00	2044.31	2044.48	2042.97	2043.03	2302	0	7
2024.01.04	23:00:00	2042.97	2044.32	2042.97	2043.30	574	0	7
2024.01.04	23:15:00	2043.20	2043.46	2043.12	2043.19	370	0	4
2024.01.04	23:30:00	2043.30	2043.42	2043.03	2043.23	269	0	5
2024.01.04	23:45:00	2043.23	2043.79	2043.10	2043.28	263	0	5
2024.01.05	01:00:00	2043.81	2044.53	2042.98	2044.40	434	0	5
2024.01.05	01:15:00	2044.49	2044.80	2042.77	2042.98	1082	0	20
2024.01.05	01:30:00	2042.96	2043.76	2042.80	2043.76	656	0	4
2024.01.05	01:45:00	2043.73	2044.64	2043.03	2044.18	1052	0	4
2024.01.05	02:00:00	2044.20	2044.20	2043.26	2043.81	977	0	20
2024.01.05	02:15:00	2043.79	2044.29	2043.52	2043.90	641	0	20
2024.01.05	02:30:00	2043.94	2044.45	2043.55	2044.30	641	0	20
2024.01.05	02:45:00	2044.31	2044.74	2043.83	2044.28	924	0	20
2024.01.05	03:00:00	2044.30	2047.51	2043.97	2046.99	2212	0	20
2024.01.05	03:15:00	2047.02	2048.31	2045.92	2046.23	2954	0	20
2024.01.05	03:30:00	2046.25	2047.42	2045.39	2047.14	2262	0	20
2024.01.05	03:45:00	2047.15	2047.61	2045.84	2046.08	1346	0	20
2024.01.05	04:00:00	2046.10	2047.42	2045.63	2046.61	1450	0	20
2024.01.05	04:15:00	2046.60	2047.86	2046.39	2047.37	845	0	20
2024.01.05	04:30:00	2047.37	2047.43	2045.89	2046.35	952	0	20
2024.01.05	04:45:00	2046.37	2047.02	2045.87	2046.08	922	0	20
2024.01.05	05:00:00	2045.98	2046.45	2044.76	2045.24	1493	0	4
2024.01.05	05:15:00	2045.13	2046.11	2044.97	2045.43	1408	0	20
2024.01.05	05:30:00	2045.43	2045.95	2045.04	2045.22	822	0	20
2024.01.05	05:45:00	2045.23	2045.60	2044.82	2045.30	669	0	20
2024.01.05	06:00:00	2045.32	2045.56	2044.37	2044.81	569	0	8
2024.01.05	06:15:00	2044.83	2046.41	2044.43	2046.05	785	0	4
2024.01.05	06:30:00	2046.03	2046.32	2045.21	2045.32	607	0	20
2024.01.05	06:45:00	2045.31	2045.39	2044.48	2044.58	649	0	4
2024.01.05	07:00:00	2044.58	2044.90	2043.01	2043.75	1284	0	20
2024.01.05	07:15:00	2043.76	2044.32	2043.65	2044.22	762	0	4
2024.01.05	07:30:00	2044.25	2045.26	2043.86	2044.83	1078	0	4
2024.01.05	07:45:00	2044.81	2044.98	2043.87	2044.44	1032	0	20
2024.01.05	08:00:00	2044.44	2045.17	2044.02	2044.41	1077	0	20
2024.01.05	08:15:00	2044.43	2044.53	2041.97	2042.55	2128	0	20
2024.01.05	08:30:00	2042.56	2042.65	2040.74	2041.40	4004	0	19
2024.01.05	08:45:00	2041.38	2042.86	2040.89	2042.47	3360	0	19
2024.01.05	09:00:00	2042.50	2045.42	2041.94	2045.13	4646	0	19
2024.01.05	09:15:00	2045.03	2047.06	2044.50	2044.62	6423	0	19
2024.01.05	09:30:00	2044.64	2045.20	2043.20	2043.65	3911	0	16
2024.01.05	09:45:00	2043.64	2044.79	2042.94	2043.24	3534	0	16
2024.01.05	10:00:00	2043.24	2044.51	2042.13	2042.93	4769	0	16
2024.01.05	10:15:00	2042.93	2043.50	2041.85	2042.84	4040	0	16
2024.01.05	10:30:00	2042.82	2042.94	2041.29	2042.08	3987	0	16
2024.01.05	10:45:00	2042.09	2043.28	2041.66	2042.41	4092	0	16
2024.01.05	11:00:00	2042.41	2043.85	2041.64	2042.70	4185	0	16
2024.01.05	11:15:00	2042.71	2043.28	2041.90	2042.16	3872	0	16
2024.01.05	11:30:00	2042.16	2042.60	2040.96	2041.23	3493	0	16
2024.01.05	11:45:00	2041.33	2041.46	2038.32	2038.97	4314	0	16
2024.01.05	12:00:00	2039.00	2039.32	2037.24	2038.30	4543	0	16
2024.01.05	12:15:00	2038.32	2038.55	2037.27	2037.71	4093	0	16
2024.01.05	12:30:00	2037.71	2038.59	2037.57	2038.36	3660	0	16
2024.01.05	12:45:00	2038.36	2040.34	2038.14	2039.89	3127	0	16
2024.01.05	13:00:00	2039.89	2040.41	2038.42	2038.51	2770	0	16
2024.01.05	13:15:00	2038.51	2038.76	2036.98	2037.50	3209	0	16
2024.01.05	13:30:00	2037.52	2039.16	2037.43	2038.18	2907	0	16
2024.01.05	13:45:00	2038.18	2039.45	2037.90	2039.20	2623	0	16
2024.01.05	14:00:00	2039.20	2040.80	2038.59	2039.71	3461	0	16
2024.01.05	14:15:00	2039.81	2039.91	2038.34	2038.78	2993	0	16
2024.01.05	14:30:00	2038.79	2040.70	2038.66	2040.06	3269	0	16
2024.01.05	14:45:00	2040.06	2041.02	2039.80	2040.30	3221	0	16
2024.01.05	15:00:00	2040.32	2041.63	2039.39	2040.79	6360	0	16
2024.01.05	15:15:00	2040.99	2041.86	2039.16	2039.39	7233	0	16
2024.01.05	15:30:00	2039.39	2039.39	2024.34	2033.86	31581	0	16
2024.01.05	15:45:00	2033.84	2042.02	2029.84	2040.07	24467	0	16
2024.01.05	16:00:00	2040.03	2046.30	2038.64	2039.81	19541	0	16
2024.01.05	16:15:00	2039.81	2048.84	2039.46	2046.76	15612	0	16
2024.01.05	16:30:00	2046.76	2049.31	2041.56	2044.63	17647	0	16
2024.01.05	16:45:00	2044.60	2048.09	2044.04	2046.88	13472	0	16
2024.01.05	17:00:00	2046.96	2063.45	2046.96	2060.00	30764	0	16
2024.01.05	17:15:00	2059.99	2064.07	2057.41	2059.56	21051	0	16
2024.01.05	17:30:00	2059.60	2062.83	2058.15	2060.74	16652	0	16
2024.01.05	17:45:00	2060.74	2061.37	2054.25	2054.88	12960	0	16
2024.01.05	18:00:00	2054.89	2056.34	2051.93	2055.72	10812	0	16
2024.01.05	18:15:00	2055.75	2056.28	2049.69	2050.56	11405	0	16
2024.01.05	18:30:00	2050.59	2051.96	2050.07	2050.44	7281	0	16
2024.01.05	18:45:00	2050.44	2050.98	2044.03	2045.16	9914	0	16
2024.01.05	19:00:00	2045.15	2045.37	2040.86	2043.56	10615	0	18
2024.01.05	19:15:00	2043.57	2045.48	2040.85	2041.57	7716	0	18
2024.01.05	19:30:00	2041.59	2043.40	2040.36	2042.42	8841	0	18
2024.01.05	19:45:00	2042.40	2043.73	2041.08	2042.05	7050	0	18
2024.01.05	20:00:00	2042.04	2042.50	2040.39	2041.60	6482	0	18
2024.01.05	20:15:00	2041.64	2043.62	2041.12	2043.09	6368	0	18
2024.01.05	20:30:00	2043.11	2046.14	2042.93	2045.23	6243	0	18
2024.01.05	20:45:00	2045.25	2048.57	2045.09	2048.18	4808	0	18
2024.01.05	21:00:00	2048.22	2050.42	2047.98	2049.21	4458	0	11
2024.01.05	21:15:00	2049.16	2049.51	2047.17	2047.29	4330	0	18
2024.01.05	21:30:00	2047.34	2048.43	2046.31	2046.61	3166	0	18
2024.01.05	21:45:00	2046.58	2046.76	2044.93	2045.70	4219	0	18
2024.01.05	22:00:00	2045.71	2045.84	2043.73	2044.66	4104	0	18
2024.01.05	22:15:00	2044.65	2045.03	2043.67	2044.12	2748	0	18
2024.01.05	22:30:00	2044.15	2044.55	2042.76	2043.69	3263	0	18
2024.01.05	22:45:00	2043.73	2044.97	2043.54	2043.59	3587	0	18
2024.01.05	23:00:00	2043.53	2044.60	2043.53	2044.37	660	0	29
2024.01.05	23:15:00	2044.37	2044.92	2044.08	2044.71	481	0	4
2024.01.05	23:30:00	2044.75	2044.99	2043.81	2044.76	457	0	29
2024.01.05	23:45:00	2044.74	2046.15	2044.52	2045.30	787	0	17
2024.01.08	01:00:00	2044.65	2045.66	2043.34	2045.09	1130	0	5
2024.01.08	01:15:00	2045.05	2045.65	2044.14	2044.41	827	0	5
2024.01.08	01:30:00	2044.44	2044.70	2042.82	2044.11	1334	0	20
2024.01.08	01:45:00	2044.07	2044.46	2042.98	2044.23	792	0	10
2024.01.08	02:00:00	2044.26	2045.16	2043.71	2044.96	795	0	4
2024.01.08	02:15:00	2044.98	2045.96	2044.87	2045.84	959	0	4
2024.01.08	02:30:00	2045.82	2046.34	2045.30	2046.00	631	0	20
2024.01.08	02:45:00	2046.02	2046.23	2045.48	2045.98	617	0	4
2024.01.08	03:00:00	2045.96	2046.52	2044.39	2045.34	1678	0	20
2024.01.08	03:15:00	2045.35	2046.55	2044.91	2045.82	1638	0	20
2024.01.08	03:30:00	2045.80	2045.86	2043.34	2043.65	1667	0	20
2024.01.08	03:45:00	2043.63	2044.54	2042.74	2043.71	1985	0	20
2024.01.08	04:00:00	2043.71	2043.84	2041.56	2042.90	2181	0	20
2024.01.08	04:15:00	2042.92	2043.42	2042.11	2042.46	1281	0	20
2024.01.08	04:30:00	2042.46	2043.55	2042.20	2042.97	1276	0	20
2024.01.08	04:45:00	2042.94	2043.08	2041.11	2041.26	1588	0	20
2024.01.08	05:00:00	2041.24	2041.52	2039.31	2040.31	2135	0	20
2024.01.08	05:15:00	2040.31	2041.16	2039.72	2039.98	1499	0	20
2024.01.08	05:30:00	2039.98	2040.36	2035.31	2037.48	2251	0	20
2024.01.08	05:45:00	2037.38	2038.23	2034.96	2036.04	2663	0	20
2024.01.08	06:00:00	2036.05	2037.70	2035.47	2035.97	2280	0	20
2024.01.08	06:15:00	2035.95	2037.31	2035.80	2036.87	1397	0	20
2024.01.08	06:30:00	2036.83	2036.91	2035.78	2035.95	1017	0	7
2024.01.08	06:45:00	2035.85	2036.42	2035.54	2035.74	967	0	4
2024.01.08	07:00:00	2035.74	2036.16	2034.46	2034.78	2170	0	20
2024.01.08	07:15:00	2034.81	2035.88	2034.54	2034.92	1383	0	7
2024.01.08	07:30:00	2034.90	2035.21	2026.89	2029.26	5921	0	20
2024.01.08	07:45:00	2029.24	2030.97	2028.42	2030.74	2916	0	20
2024.01.08	08:00:00	2030.70	2032.62	2030.24	2031.95	2946	0	20
2024.01.08	08:15:00	2032.06	2032.67	2030.38	2031.97	2176	0	20
2024.01.08	08:30:00	2031.98	2033.24	2031.14	2032.81	4304	0	19
2024.01.08	08:45:00	2032.82	2033.31	2032.35	2032.93	4015	0	19
2024.01.08	09:00:00	2032.97	2033.26	2031.25	2032.56	4956	0	19
2024.01.08	09:15:00	2032.54	2033.21	2028.53	2030.14	6244	0	19
2024.01.08	09:30:00	2030.15	2031.31	2028.88	2030.63	5517	0	16
2024.01.08	09:45:00	2030.64	2032.96	2030.63	2031.50	5320	0	16
2024.01.08	10:00:00	2031.49	2031.83	2027.70	2028.96	6941	0	16
2024.01.08	10:15:00	2028.97	2030.12	2028.45	2029.28	5557	0	16
2024.01.08	10:30:00	2029.28	2030.81	2027.70	2028.23	6957	0	16
2024.01.08	10:45:00	2028.23	2029.03	2027.21	2028.27	5650	0	16
2024.01.08	11:00:00	2028.27	2030.25	2027.62	2028.05	5240	0	16
2024.01.08	11:15:00	2028.15	2028.56	2026.40	2028.30	5210	0	16
2024.01.08	11:30:00	2028.30	2029.69	2027.29	2029.69	4598	0	16
2024.01.08	11:45:00	2029.64	2031.83	2028.88	2028.98	5545	0	16
2024.01.08	12:00:00	2028.98	2029.52	2027.99	2028.82	4814	0	16
2024.01.08	12:15:00	2028.93	2029.59	2027.45	2027.99	4551	0	16
2024.01.08	12:30:00	2027.98	2028.63	2026.92	2027.43	4313	0	16
2024.01.08	12:45:00	2027.33	2028.09	2026.90	2027.54	3567	0	16
2024.01.08	13:00:00	2027.55	2027.96	2025.19	2025.65	4467	0	16
2024.01.08	13:15:00	2025.67	2025.96	2016.61	2022.60	10451	0	16
2024.01.08	13:30:00	2022.60	2023.32	2019.58	2020.40	5627	0	16
2024.01.08	13:45:00	2020.43	2021.63	2019.51	2019.98	5492	0	16
2024.01.08	14:00:00	2019.98	2021.18	2019.61	2020.73	5332	0	16
2024.01.08	14:15:00	2020.63	2020.92	2019.29	2020.03	4315	0	16
2024.01.08	14:30:00	2019.93	2020.93	2018.79	2020.05	4325	0	16
2024.01.08	14:45:00	2020.06	2024.98	2019.67	2024.50	5527	0	16
2024.01.08	15:00:00	2024.51	2025.50	2020.37	2020.88	8396	0	16
2024.01.08	15:15:00	2020.88	2024.43	2020.46	2022.00	10773	0	16
2024.01.08	15:30:00	2022.00	2023.29	2019.50	2022.48	10884	0	16
2024.01.08	15:45:00	2022.48	2022.48	2018.31	2019.05	8647	0	16
2024.01.08	16:00:00	2019.05	2021.93	2018.79	2020.73	8479	0	16
2024.01.08	16:15:00	2020.73	2020.84	2018.38	2020.24	7156	0	16
2024.01.08	16:30:00	2020.24	2024.91	2019.07	2023.71	11780	0	16
2024.01.08	16:45:00	2023.81	2027.29	2022.61	2026.32	11798	0	16
2024.01.08	17:00:00	2026.33	2030.37	2025.40	2028.88	10645	0	16
2024.01.08	17:15:00	2028.88	2030.65	2027.83	2030.18	8004	0	16
2024.01.08	17:30:00	2030.21	2033.38	2029.97	2032.35	9653	0	16
2024.01.08	17:45:00	2032.36	2034.89	2031.80	2034.11	8231	0	16
2024.01.08	18:00:00	2034.12	2036.95	2033.53	2036.33	8836	0	16
2024.01.08	18:15:00	2036.43	2036.90	2033.50	2033.65	7828	0	16
2024.01.08	18:30:00	2033.85	2034.36	2031.23	2032.89	5983	0	16
2024.01.08	18:45:00	2032.89	2033.65	2031.35	2032.06	5410	0	16
2024.01.08	19:00:00	2032.05	2033.06	2030.32	2030.81	5454	0	18
2024.01.08	19:15:00	2030.78	2031.80	2029.31	2029.98	5296	0	18
2024.01.08	19:30:00	2029.99	2029.99	2027.67	2027.99	5070	0	18
2024.01.08	19:45:00	2027.98	2028.13	2026.93	2027.59	4218	0	18
2024.01.08	20:00:00	2027.56	2028.06	2026.34	2027.20	3787	0	18
2024.01.08	20:15:00	2027.21	2028.00	2026.42	2026.79	3510	0	18
2024.01.08	20:30:00	2026.81	2028.33	2026.38	2027.24	3725	0	18
2024.01.08	20:45:00	2027.34	2027.66	2026.21	2026.62	2623	0	18
2024.01.08	21:00:00	2026.61	2028.33	2026.39	2028.33	2622	0	18
2024.01.08	21:15:00	2028.13	2028.60	2027.57	2028.28	1981	0	18
2024.01.08	21:30:00	2028.28	2029.08	2028.04	2028.16	1713	0	4
2024.01.08	21:45:00	2028.17	2029.67	2027.84	2029.34	2120	0	18
2024.01.08	22:00:00	2029.36	2029.91	2026.01	2026.44	2695	0	18
2024.01.08	22:15:00	2026.41	2027.37	2026.13	2027.27	2113	0	18
2024.01.08	22:30:00	2027.29	2027.56	2026.29	2027.08	1839	0	4
2024.01.08	22:45:00	2027.09	2027.47	2026.06	2027.25	2792	0	18
2024.01.08	23:00:00	2027.19	2028.16	2026.91	2027.82	672	0	4
2024.01.08	23:15:00	2027.82	2028.73	2027.72	2028.53	436	0	4
2024.01.08	23:30:00	2028.56	2028.69	2027.65	2028.04	402	0	5
2024.01.08	23:45:00	2028.02	2028.46	2027.70	2028.18	320	0	5
2024.01.09	01:00:00	2028.22	2028.70	2027.85	2028.14	395	0	5
2024.01.09	01:15:00	2028.25	2029.00	2028.04	2028.87	456	0	5
2024.01.09	01:30:00	2028.91	2029.29	2028.46	2029.23	423	0	4
2024.01.09	01:45:00	2029.21	2030.96	2029.01	2030.69	1418	0	20
2024.01.09	02:00:00	2030.69	2033.34	2030.54	2033.04	1752	0	20
2024.01.09	02:15:00	2033.03	2034.88	2032.54	2033.82	2244	0	20
2024.01.09	02:30:00	2033.82	2034.92	2033.73	2034.42	1476	0	20
2024.01.09	02:45:00	2034.42	2035.00	2033.72	2034.33	1183	0	20
2024.01.09	03:00:00	2034.33	2035.71	2033.31	2033.33	2444	0	20
2024.01.09	03:15:00	2033.34	2034.93	2032.03	2032.44	2204	0	20
2024.01.09	03:30:00	2032.42	2032.86	2031.05	2031.86	1820	0	20
2024.01.09	03:45:00	2031.87	2033.53	2031.50	2032.19	1792	0	20
2024.01.09	04:00:00	2032.16	2035.30	2031.99	2034.92	2319	0	20
2024.01.09	04:15:00	2034.94	2035.82	2034.33	2034.96	2000	0	20
2024.01.09	04:30:00	2034.98	2035.75	2034.10	2035.14	1582	0	20
2024.01.09	04:45:00	2035.15	2035.47	2033.26	2034.12	1349	0	20
2024.01.09	05:00:00	2034.13	2034.43	2032.97	2033.75	1884	0	20
2024.01.09	05:15:00	2033.76	2034.94	2033.63	2034.40	946	0	20
2024.01.09	05:30:00	2034.38	2034.49	2033.19	2033.81	851	0	20
2024.01.09	05:45:00	2033.81	2034.21	2032.97	2033.57	874	0	20
2024.01.09	06:00:00	2033.68	2035.00	2033.24	2033.60	1714	0	20
2024.01.09	06:15:00	2033.59	2033.90	2032.77	2032.87	927	0	20
2024.01.09	06:30:00	2032.98	2033.79	2032.55	2033.13	916	0	20
2024.01.09	06:45:00	2033.09	2033.27	2032.14	2032.88	1628	0	20
2024.01.09	07:00:00	2032.90	2033.03	2032.36	2032.66	561	0	4
2024.01.09	07:15:00	2032.66	2033.21	2031.57	2031.76	1280	0	7
2024.01.09	07:30:00	2031.78	2032.69	2030.17	2031.50	2039	0	20
2024.01.09	07:45:00	2031.48	2033.54	2031.13	2032.78	2640	0	20
2024.01.09	08:00:00	2032.76	2033.22	2031.06	2031.49	2193	0	20
2024.01.09	08:15:00	2031.47	2032.99	2031.34	2032.72	1220	0	20
2024.01.09	08:30:00	2032.73	2035.22	2031.44	2034.37	4178	0	19
2024.01.09	08:45:00	2034.39	2034.78	2031.74	2033.11	4593	0	19
2024.01.09	09:00:00	2033.14	2035.26	2032.09	2033.79	4745	0	19
2024.01.09	09:15:00	2033.83	2037.06	2033.18	2036.27	4565	0	19
2024.01.09	09:30:00	2036.29	2037.32	2034.70	2036.00	5874	0	16
2024.01.09	09:45:00	2036.00	2037.01	2034.96	2036.02	4249	0	16
2024.01.09	10:00:00	2036.03	2038.34	2032.33	2032.57	8882	0	16
2024.01.09	10:15:00	2032.57	2033.16	2031.24	2031.81	5475	0	16
2024.01.09	10:30:00	2031.80	2034.67	2031.57	2034.00	6370	0	16
2024.01.09	10:45:00	2034.10	2034.95	2033.58	2034.18	3900	0	16
2024.01.09	11:00:00	2034.28	2035.18	2033.02	2033.33	3958	0	16
2024.01.09	11:15:00	2033.33	2035.70	2033.12	2035.03	4422	0	16
2024.01.09	11:30:00	2035.04	2036.56	2034.37	2036.14	4930	0	16
2024.01.09	11:45:00	2036.14	2037.11	2035.06	2035.43	3917	0	16
2024.01.09	12:00:00	2035.43	2036.90	2034.68	2036.22	3880	0	16
2024.01.09	12:15:00	2036.21	2038.45	2036.10	2037.70	5675	0	16
2024.01.09	12:30:00	2037.69	2038.60	2037.08	2037.63	4746	0	16
2024.01.09	12:45:00	2037.63	2037.87	2034.93	2035.38	4872	0	16
2024.01.09	13:00:00	2035.41	2035.77	2033.80	2034.01	4061	0	16
2024.01.09	13:15:00	2034.00	2035.80	2033.89	2035.15	3534	0	16
2024.01.09	13:30:00	2035.15	2035.48	2033.56	2034.23	3330	0	16
2024.01.09	13:45:00	2034.22	2035.68	2033.66	2034.88	4049	0	16
2024.01.09	14:00:00	2034.86	2035.80	2033.83	2035.42	3890	0	16
2024.01.09	14:15:00	2035.31	2036.35	2034.85	2035.20	3758	0	16
2024.01.09	14:30:00	2035.20	2035.86	2033.94	2034.98	3319	0	16
2024.01.09	14:45:00	2034.98	2036.39	2034.90	2036.27	3346	0	16
2024.01.09	15:00:00	2036.26	2036.51	2033.24	2035.46	6347	0	16
2024.01.09	15:15:00	2035.45	2035.72	2031.55	2033.04	6441	0	16
2024.01.09	15:30:00	2033.04	2042.09	2032.96	2036.77	11757	0	16
2024.01.09	15:45:00	2036.77	2040.26	2036.23	2038.55	12206	0	16
2024.01.09	16:00:00	2038.75	2040.23	2037.29	2039.25	9623	0	16
2024.01.09	16:15:00	2039.23	2039.98	2036.14	2036.63	8911	0	16
2024.01.09	16:30:00	2036.63	2037.66	2034.53	2036.25	12782	0	16
2024.01.09	16:45:00	2036.22	2036.41	2033.86	2034.82	11415	0	16
2024.01.09	17:00:00	2034.81	2035.70	2032.82	2033.65	10502	0	16
2024.01.09	17:15:00	2033.44	2035.32	2032.99	2034.31	7567	0	16
2024.01.09	17:30:00	2034.30	2035.12	2032.44	2032.79	8587	0	16
2024.01.09	17:45:00	2032.79	2033.26	2028.68	2028.85	8752	0	16
2024.01.09	18:00:00	2028.85	2028.88	2025.95	2027.13	10320	0	16
2024.01.09	18:15:00	2027.14	2030.81	2026.57	2029.32	9023	0	16
2024.01.09	18:30:00	2029.32	2031.14	2028.66	2029.31	6379	0	15
2024.01.09	18:45:00	2029.31	2031.69	2029.07	2031.13	5645	0	16
2024.01.09	19:00:00	2031.12	2032.15	2029.77	2030.01	6003	0	18
2024.01.09	19:15:00	2030.02	2030.65	2028.46	2029.13	5389	0	18
2024.01.09	19:30:00	2029.13	2029.48	2026.95	2027.65	4840	0	18
2024.01.09	19:45:00	2027.64	2029.29	2027.26	2027.74	4912	0	18
2024.01.09	20:00:00	2027.74	2029.72	2027.05	2028.09	8591	0	18
2024.01.09	20:15:00	2028.01	2028.08	2026.75	2027.40	6662	0	18
2024.01.09	20:30:00	2027.41	2028.14	2026.69	2027.66	5755	0	18
2024.01.09	20:45:00	2027.68	2029.41	2027.53	2029.18	3950	0	18
2024.01.09	21:00:00	2029.17	2029.77	2028.56	2029.04	3165	0	18
2024.01.09	21:15:00	2029.01	2030.13	2028.66	2029.03	2499	0	18
2024.01.09	21:30:00	2029.05	2029.42	2027.70	2027.98	2404	0	18
2024.01.09	21:45:00	2028.01	2029.07	2027.76	2028.84	2629	0	18
2024.01.09	22:00:00	2028.85	2031.21	2028.84	2030.00	3204	0	18
2024.01.09	22:15:00	2030.00	2030.38	2028.94	2029.05	1858	0	18
2024.01.09	22:30:00	2029.05	2029.61	2028.50	2029.51	1930	0	18
2024.01.09	22:45:00	2029.49	2029.73	2028.23	2028.37	2255	0	18
2024.01.09	23:00:00	2028.47	2029.50	2028.41	2029.31	496	0	18
2024.01.09	23:15:00	2029.28	2029.46	2028.90	2029.33	303	0	4
2024.01.09	23:30:00	2029.33	2030.14	2029.22	2029.81	356	0	5
2024.01.09	23:45:00	2029.78	2030.31	2029.63	2030.21	275	0	18
2024.01.10	01:00:00	2030.36	2030.99	2030.30	2030.88	447	0	5
2024.01.10	01:15:00	2030.88	2031.23	2029.35	2029.49	804	0	20
2024.01.10	01:30:00	2029.59	2030.33	2028.20	2030.15	1610	0	20
2024.01.10	01:45:00	2030.13	2031.14	2029.98	2030.64	1024	0	4
2024.01.10	02:00:00	2030.74	2031.16	2030.42	2030.62	755	0	4
2024.01.10	02:15:00	2030.61	2031.10	2030.03	2030.84	661	0	5
2024.01.10	02:30:00	2030.84	2031.04	2030.10	2030.16	697	0	5
2024.01.10	02:45:00	2030.12	2031.11	2029.51	2030.19	1089	0	20
2024.01.10	03:00:00	2030.17	2030.29	2028.02	2028.12	1744	0	20
2024.01.10	03:15:00	2028.09	2029.27	2027.12	2028.68	1870	0	20
2024.01.10	03:30:00	2028.66	2031.39	2028.58	2030.65	2007	0	20
2024.01.10	03:45:00	2030.63	2032.55	2030.43	2031.75	2243	0	20
2024.01.10	04:00:00	2031.75	2032.18	2030.76	2031.20	1379	0	20
2024.01.10	04:15:00	2031.18	2032.91	2031.13	2031.30	1306	0	20
2024.01.10	04:30:00	2031.39	2032.08	2030.21	2030.73	1394	0	20
2024.01.10	04:45:00	2030.75	2032.22	2030.47	2031.82	1303	0	20
2024.01.10	05:00:00	2031.80	2031.88	2030.00	2030.79	1599	0	20
2024.01.10	05:15:00	2030.77	2031.94	2030.40	2031.49	955	0	20
2024.01.10	05:30:00	2031.50	2031.51	2029.81	2030.65	939	0	20
2024.01.10	05:45:00	2030.65	2030.79	2027.98	2028.84	1631	0	20
2024.01.10	06:00:00	2028.84	2029.71	2028.31	2029.63	1163	0	4
2024.01.10	06:15:00	2029.61	2029.85	2028.72	2029.39	741	0	4
2024.01.10	06:30:00	2029.39	2030.71	2029.10	2029.80	1334	0	20
2024.01.10	06:45:00	2029.83	2030.38	2029.44	2029.76	611	0	4
2024.01.10	07:00:00	2029.78	2030.16	2028.65	2028.83	810	0	20
2024.01.10	07:15:00	2028.83	2029.48	2028.10	2029.15	1043	0	20
2024.01.10	07:30:00	2029.19	2029.80	2027.13	2028.09	2048	0	20
2024.01.10	07:45:00	2028.00	2028.18	2025.50	2026.61	3495	0	20
2024.01.10	08:00:00	2026.70	2027.06	2024.22	2024.39	2688	0	20
2024.01.10	08:15:00	2024.29	2026.74	2024.24	2025.97	2533	0	20
2024.01.10	08:30:00	2025.98	2026.25	2024.87	2025.31	3680	0	19
2024.01.10	08:45:00	2025.30	2025.64	2023.72	2024.65	4064	0	19
2024.01.10	09:00:00	2024.67	2026.65	2024.18	2026.51	4732	0	19
2024.01.10	09:15:00	2026.52	2028.78	2026.19	2028.52	5955	0	19
2024.01.10	09:30:00	2028.54	2031.42	2027.51	2030.87	5787	0	16
2024.01.10	09:45:00	2030.87	2031.74	2030.72	2030.84	4916	0	16
2024.01.10	10:00:00	2030.84	2034.58	2030.10	2033.31	8554	0	16
2024.01.10	10:15:00	2033.31	2036.00	2032.69	2034.48	7237	0	16
2024.01.10	10:30:00	2034.48	2034.48	2032.00	2033.10	6127	0	16
2024.01.10	10:45:00	2033.10	2035.67	2032.75	2035.26	5697	0	16
2024.01.10	11:00:00	2035.25	2036.21	2034.62	2035.81	6093	0	16
2024.01.10	11:15:00	2035.82	2036.00	2034.53	2035.39	4473	0	16
2024.01.10	11:30:00	2035.39	2035.65	2034.54	2035.23	4011	0	16
2024.01.10	11:45:00	2035.23	2036.19	2034.54	2035.69	4103	0	16
2024.01.10	12:00:00	2035.67	2040.37	2035.24	2037.05	6671	0	16
2024.01.10	12:15:00	2037.05	2037.39	2035.69	2036.67	4625	0	16
2024.01.10	12:30:00	2036.66	2036.86	2035.58	2035.73	3604	0	16
2024.01.10	12:45:00	2035.73	2036.29	2034.43	2034.70	3631	0	16
2024.01.10	13:00:00	2034.70	2035.38	2034.40	2034.78	3823	0	16
2024.01.10	13:15:00	2034.78	2034.90	2032.77	2033.16	3921	0	16
2024.01.10	13:30:00	2033.14	2034.56	2032.64	2034.53	3820	0	16
2024.01.10	13:45:00	2034.33	2034.83	2032.97	2034.04	3689	0	16
2024.01.10	14:00:00	2034.04	2035.43	2033.72	2035.19	4056	0	16
2024.01.10	14:15:00	2035.40	2035.71	2033.77	2035.22	4288	0	16
2024.01.10	14:30:00	2035.22	2035.63	2032.50	2032.53	4743	0	16
2024.01.10	14:45:00	2032.73	2032.84	2031.21	2031.47	5322	0	16
2024.01.10	15:00:00	2031.57	2033.09	2030.09	2032.74	7437	0	16
2024.01.10	15:15:00	2032.64	2034.09	2031.18	2032.11	8483	0	16
2024.01.10	15:30:00	2032.12	2032.78	2030.30	2030.77	7530	0	16
2024.01.10	15:45:00	2030.77	2031.76	2029.89	2030.27	6246	0	16
2024.01.10	16:00:00	2030.27	2031.38	2028.65	2029.65	6727	0	16
2024.01.10	16:15:00	2029.85	2030.87	2028.54	2030.34	5609	0	16
2024.01.10	16:30:00	2030.37	2033.50	2028.17	2029.69	11279	0	16
2024.01.10	16:45:00	2029.70	2029.72	2026.46	2027.28	11021	0	16
2024.01.10	17:00:00	2027.28	2028.13	2024.73	2026.97	10298	0	16
2024.01.10	17:15:00	2026.98	2027.10	2024.96	2026.15	9263	0	16
2024.01.10	17:30:00	2026.16	2029.78	2025.54	2029.45	11579	0	16
2024.01.10	17:45:00	2029.44	2029.82	2026.71	2027.84	9568	0	16
2024.01.10	18:00:00	2027.83	2028.60	2025.70	2026.02	10333	0	16
2024.01.10	18:15:00	2026.04	2027.11	2025.23	2026.12	7362	0	16
2024.01.10	18:30:00	2026.02	2026.45	2024.64	2025.53	7091	0	16
2024.01.10	18:45:00	2025.53	2027.93	2025.33	2027.15	6708	0	16
2024.01.10	19:00:00	2027.14	2027.82	2025.86	2027.44	5598	0	18
2024.01.10	19:15:00	2027.43	2027.64	2025.38	2025.48	5399	0	18
2024.01.10	19:30:00	2025.58	2026.19	2024.57	2025.29	5717	0	18
2024.01.10	19:45:00	2025.28	2025.55	2022.10	2024.00	6001	0	18
2024.01.10	20:00:00	2023.97	2024.57	2022.53	2023.88	13938	0	18
2024.01.10	20:15:00	2023.87	2024.06	2021.48	2023.06	14336	0	18
2024.01.10	20:30:00	2023.12	2023.60	2021.23	2021.96	4915	0	18
2024.01.10	20:45:00	2021.97	2023.77	2021.70	2023.67	3214	0	18
2024.01.10	21:00:00	2023.68	2023.93	2020.46	2021.08	4181	0	18
2024.01.10	21:15:00	2021.18	2022.93	2020.31	2022.53	3946	0	18
2024.01.10	21:30:00	2022.57	2024.38	2022.36	2023.77	3643	0	18
2024.01.10	21:45:00	2023.79	2024.56	2023.40	2024.00	2789	0	18
2024.01.10	22:00:00	2024.00	2025.10	2022.11	2023.14	3649	0	18
2024.01.10	22:15:00	2023.13	2024.41	2022.00	2022.84	5755	0	18
2024.01.10	22:30:00	2022.82	2023.89	2022.67	2023.35	3849	0	18
2024.01.10	22:45:00	2023.34	2023.56	2021.74	2023.54	4499	0	18
2024.01.10	23:00:00	2023.48	2024.53	2023.19	2024.04	999	0	29
2024.01.10	23:15:00	2024.05	2024.23	2023.44	2023.55	505	0	29
2024.01.10	23:30:00	2023.55	2024.12	2023.23	2023.94	334	0	5
2024.01.10	23:45:00	2023.94	2024.34	2023.49	2024.32	347	0	5
2024.01.11	01:00:00	2024.06	2026.03	2023.92	2025.83	919	0	5
2024.01.11	01:15:00	2025.81	2026.09	2025.18	2025.61	741	0	5
2024.01.11	01:30:00	2025.63	2026.99	2025.54	2026.41	890	0	20
2024.01.11	01:45:00	2026.37	2028.05	2026.04	2026.71	1537	0	20
2024.01.11	02:00:00	2026.73	2027.63	2026.46	2027.29	1062	0	20
2024.01.11	02:15:00	2027.28	2027.96	2026.73	2027.21	916	0	4
2024.01.11	02:30:00	2027.28	2028.21	2027.08	2027.68	775	0	20
2024.01.11	02:45:00	2027.68	2028.46	2026.96	2027.80	983	0	4
2024.01.11	03:00:00	2027.82	2028.48	2027.31	2027.90	1635	0	20
2024.01.11	03:15:00	2027.91	2028.87	2027.38	2028.11	1337	0	20
2024.01.11	03:30:00	2028.14	2028.86	2026.91	2027.44	1762	0	20
2024.01.11	03:45:00	2027.47	2030.42	2027.42	2029.75	2338	0	20
2024.01.11	04:00:00	2029.75	2030.66	2028.82	2030.53	2696	0	20
2024.01.11	04:15:00	2030.42	2032.02	2030.27	2031.29	2737	0	20
2024.01.11	04:30:00	2031.32	2031.61	2029.23	2029.95	1574	0	20
2024.01.11	04:45:00	2029.93	2030.20	2029.10	2029.63	1074	0	20
2024.01.11	05:00:00	2029.62	2029.96	2028.76	2028.88	898	0	4
2024.01.11	05:15:00	2028.86	2030.60	2028.67	2029.71	1060	0	4
2024.01.11	05:30:00	2029.72	2031.09	2029.28	2030.78	1795	0	20
2024.01.11	05:45:00	2030.80	2031.03	2029.88	2030.85	803	0	20
2024.01.11	06:00:00	2030.83	2032.14	2030.71	2031.80	1078	0	4
2024.01.11	06:15:00	2031.82	2032.16	2030.98	2031.64	906	0	4
2024.01.11	06:30:00	2031.67	2032.28	2031.25	2031.41	703	0	8
2024.01.11	06:45:00	2031.51	2032.28	2031.32	2032.02	642	0	20
2024.01.11	07:00:00	2032.04	2032.56	2030.99	2031.45	1365	0	20
2024.01.11	07:15:00	2031.43	2032.55	2031.31	2031.85	1100	0	20
2024.01.11	07:30:00	2031.87	2033.46	2031.83	2033.02	1789	0	20
2024.01.11	07:45:00	2033.03	2034.67	2032.37	2032.94	2249	0	20
2024.01.11	08:00:00	2032.94	2035.05	2032.01	2034.02	2376	0	20
2024.01.11	08:15:00	2034.12	2034.77	2032.64	2034.44	2151	0	20
2024.01.11	08:30:00	2034.45	2035.15	2033.68	2034.12	3931	0	19
2024.01.11	08:45:00	2034.23	2034.48	2033.44	2033.98	2492	0	19
2024.01.11	09:00:00	2033.88	2034.98	2033.51	2034.78	3325	0	19
2024.01.11	09:15:00	2034.77	2035.75	2033.85	2035.00	3698	0	19
2024.01.11	09:30:00	2035.02	2035.32	2033.76	2034.73	3985	0	16
2024.01.11	09:45:00	2034.83	2035.30	2033.76	2033.81	3574	0	16
2024.01.11	10:00:00	2033.79	2034.15	2031.48	2032.91	6050	0	16
2024.01.11	10:15:00	2032.81	2033.69	2031.63	2033.37	5312	0	16
2024.01.11	10:30:00	2033.37	2033.84	2031.65	2032.07	4696	0	16
2024.01.11	10:45:00	2032.17	2032.54	2030.31	2030.98	4385	0	16
2024.01.11	11:00:00	2030.98	2032.31	2030.15	2031.79	4978	0	16
2024.01.11	11:15:00	2031.79	2032.32	2030.63	2030.76	3251	0	16
2024.01.11	11:30:00	2030.76	2032.26	2030.06	2031.66	4112	0	16
2024.01.11	11:45:00	2031.66	2032.52	2031.17	2031.18	3542	0	16
2024.01.11	12:00:00	2031.18	2031.52	2030.39	2031.16	3792	0	16
2024.01.11	12:15:00	2031.16	2032.30	2030.66	2031.92	3322	0	16
2024.01.11	12:30:00	2031.93	2032.83	2031.51	2031.62	3589	0	16
2024.01.11	12:45:00	2031.63	2032.15	2031.27	2032.14	2661	0	16
2024.01.11	13:00:00	2032.04	2032.64	2031.24	2032.37	3964	0	16
2024.01.11	13:15:00	2032.37	2034.08	2032.11	2033.84	4029	0	16
2024.01.11	13:30:00	2033.85	2034.32	2033.01	2033.87	4121	0	16
2024.01.11	13:45:00	2033.87	2034.42	2033.36	2034.18	2784	0	16
2024.01.11	14:00:00	2034.21	2035.09	2032.79	2033.46	2453	0	10
2024.01.11	14:15:00	2033.45	2033.83	2032.68	2033.56	4174	0	16
2024.01.11	14:30:00	2033.56	2034.42	2033.18	2033.62	5298	0	16
2024.01.11	14:45:00	2033.63	2033.89	2031.49	2032.49	4846	0	16
2024.01.11	15:00:00	2032.50	2034.88	2032.01	2033.85	8685	0	16
2024.01.11	15:15:00	2033.85	2039.71	2033.43	2037.66	11144	0	16
2024.01.11	15:30:00	2037.66	2045.80	2025.13	2030.73	32294	0	16
2024.01.11	15:45:00	2030.73	2033.37	2027.05	2029.46	20779	0	16
2024.01.11	16:00:00	2029.44	2030.92	2024.76	2030.19	21005	0	16
2024.01.11	16:15:00	2030.19	2032.72	2027.67	2029.32	18176	0	16
2024.01.11	16:30:00	2029.31	2034.91	2027.90	2029.45	23343	0	16
2024.01.11	16:45:00	2029.43	2031.85	2027.05	2029.73	17017	0	16
2024.01.11	17:00:00	2029.73	2029.83	2025.10	2025.87	18481	0	16
2024.01.11	17:15:00	2025.89	2030.98	2025.55	2030.77	17069	0	16
2024.01.11	17:30:00	2030.98	2033.11	2029.66	2031.20	16463	0	16
2024.01.11	17:45:00	2031.18	2031.42	2028.19	2029.14	13602	0	16
2024.01.11	18:00:00	2029.14	2029.73	2025.09	2025.64	13171	0	16
2024.01.11	18:15:00	2025.65	2026.69	2015.98	2018.31	18342	0	16
2024.01.11	18:30:00	2018.31	2018.57	2013.55	2014.67	14341	0	16
2024.01.11	18:45:00	2014.66	2020.40	2014.40	2016.53	15063	0	16
2024.01.11	19:00:00	2016.52	2018.52	2015.22	2016.43	11070	0	18
2024.01.11	19:15:00	2016.47	2017.71	2015.38	2016.60	8601	0	18
2024.01.11	19:30:00	2016.50	2017.02	2014.51	2015.18	8334	0	18
2024.01.11	19:45:00	2015.17	2015.84	2013.16	2014.45	6707	0	18
2024.01.11	20:00:00	2014.42	2017.04	2013.72	2016.32	9322	0	18
2024.01.11	20:15:00	2016.33	2016.79	2014.94	2015.10	8144	0	18
2024.01.11	20:30:00	2015.15	2015.59	2013.89	2014.55	5598	0	18
2024.01.11	20:45:00	2014.56	2017.10	2014.29	2017.08	4586	0	18
2024.01.11	21:00:00	2017.09	2021.29	2016.93	2021.06	6434	0	18
2024.01.11	21:15:00	2021.07	2025.24	2019.53	2024.32	7073	0	18
2024.01.11	21:30:00	2024.33	2025.25	2023.41	2024.29	8757	0	18
2024.01.11	21:45:00	2024.39	2027.50	2024.18	2026.45	5600	0	18
2024.01.11	22:00:00	2026.46	2027.34	2024.43	2025.25	6227	0	18
2024.01.11	22:15:00	2025.35	2026.41	2023.39	2025.09	5558	0	18
2024.01.11	22:30:00	2025.10	2026.96	2024.86	2026.67	4724	0	18
2024.01.11	22:45:00	2026.66	2028.62	2026.20	2027.48	4970	0	18
2024.01.11	23:00:00	2027.50	2028.80	2027.20	2028.50	1143	0	18
2024.01.11	23:15:00	2028.52	2029.66	2028.07	2028.42	1287	0	29
2024.01.11	23:30:00	2028.44	2028.93	2027.88	2028.18	706	0	29
2024.01.11	23:45:00	2028.18	2028.84	2027.87	2028.54	473	0	18
2024.01.12	01:00:00	2029.20	2035.04	2028.73	2034.17	2573	0	5
2024.01.12	01:15:00	2033.97	2035.26	2032.90	2032.92	2062	0	20
2024.01.12	01:30:00	2032.95	2035.15	2032.70	2034.54	1280	0	20
2024.01.12	01:45:00	2034.53	2035.68	2033.89	2035.16	1086	0	20
2024.01.12	02:00:00	2035.13	2035.38	2031.86	2032.16	2305	0	20
2024.01.12	02:15:00	2031.96	2032.41	2030.94	2031.20	1897	0	20
2024.01.12	02:30:00	2031.23	2032.29	2030.21	2030.42	1510	0	20
2024.01.12	02:45:00	2030.44	2031.84	2030.14	2031.10	1402	0	20
2024.01.12	03:00:00	2031.10	2032.58	2029.95	2032.05	2626	0	20
2024.01.12	03:15:00	2032.07	2033.01	2031.20	2032.72	1677	0	20
2024.01.12	03:30:00	2032.61	2034.02	2031.80	2033.36	2689	0	20
2024.01.12	03:45:00	2033.38	2034.83	2032.91	2033.82	2430	0	20
2024.01.12	04:00:00	2033.85	2035.32	2033.06	2033.59	2151	0	20
2024.01.12	04:15:00	2033.48	2035.21	2033.26	2034.93	1292	0	20
2024.01.12	04:30:00	2034.89	2035.07	2033.54	2034.34	1192	0	20
2024.01.12	04:45:00	2034.34	2034.64	2033.78	2033.96	890	0	4
2024.01.12	05:00:00	2033.96	2035.42	2033.69	2035.23	1312	0	20
2024.01.12	05:15:00	2035.21	2035.65	2034.67	2034.75	840	0	20
2024.01.12	05:30:00	2034.64	2034.79	2033.58	2034.21	1037	0	20
2024.01.12	05:45:00	2034.19	2034.35	2033.58	2033.86	571	0	4
2024.01.12	06:00:00	2033.86	2034.04	2032.86	2033.59	1033	0	20
2024.01.12	06:15:00	2033.57	2034.25	2032.71	2033.37	1060	0	20
2024.01.12	06:30:00	2033.36	2034.51	2032.85	2034.40	836	0	6
2024.01.12	06:45:00	2034.38	2035.07	2034.08	2034.68	792	0	4
2024.01.12	07:00:00	2034.66	2035.19	2034.12	2034.61	1124	0	20
2024.01.12	07:15:00	2034.60	2035.03	2033.82	2034.22	820	0	4
2024.01.12	07:30:00	2034.32	2035.01	2033.56	2034.23	1258	0	20
2024.01.12	07:45:00	2034.22	2037.21	2034.03	2036.00	1924	0	20
2024.01.12	08:00:00	2035.98	2036.68	2035.64	2036.27	1670	0	20
2024.01.12	08:15:00	2036.30	2036.84	2035.49	2035.87	1632	0	20
2024.01.12	08:30:00	2035.87	2036.08	2034.82	2035.14	2735	0	19
2024.01.12	08:45:00	2035.13	2036.27	2034.85	2035.20	2892	0	19
2024.01.12	09:00:00	2035.21	2036.01	2034.04	2035.07	4809	0	19
2024.01.12	09:15:00	2035.18	2038.48	2034.85	2037.82	4189	0	19
2024.01.12	09:30:00	2037.83	2039.47	2036.36	2036.67	7723	0	16
2024.01.12	09:45:00	2036.66	2038.65	2035.56	2037.55	6008	0	16
2024.01.12	10:00:00	2037.54	2039.81	2037.42	2038.74	8614	0	16
2024.01.12	10:15:00	2038.74	2039.72	2038.00	2038.59	6451	0	16
2024.01.12	10:30:00	2038.49	2039.89	2037.63	2037.89	5678	0	16
2024.01.12	10:45:00	2037.89	2039.06	2036.96	2038.69	5733	0	16
2024.01.12	11:00:00	2038.68	2040.15	2038.04	2039.31	5781	0	16
2024.01.12	11:15:00	2039.21	2040.09	2038.73	2039.95	4447	0	16
2024.01.12	11:30:00	2039.94	2040.09	2039.05	2039.61	3534	0	15
2024.01.12	11:45:00	2039.60	2039.95	2037.72	2038.08	4108	0	16
2024.01.12	12:00:00	2038.08	2039.58	2037.92	2039.07	3981	0	16
2024.01.12	12:15:00	2039.08	2040.47	2038.41	2040.04	4778	0	16
2024.01.12	12:30:00	2040.03	2042.52	2039.28	2042.13	5781	0	16
2024.01.12	12:45:00	2042.13	2046.19	2042.13	2045.74	6915	0	16
2024.01.12	13:00:00	2045.75	2047.46	2044.75	2045.09	7003	0	16
2024.01.12	13:15:00	2045.10	2045.90	2044.78	2045.52	5574	0	16
2024.01.12	13:30:00	2045.53	2046.69	2044.95	2044.97	6006	0	16
2024.01.12	13:45:00	2044.98	2045.93	2044.03	2045.37	7163	0	16
2024.01.12	14:00:00	2045.38	2053.78	2045.38	2050.75	14670	0	16
2024.01.12	14:15:00	2050.75	2051.09	2047.67	2048.64	8067	0	16
2024.01.12	14:30:00	2048.64	2050.32	2048.51	2048.96	6948	0	16
2024.01.12	14:45:00	2048.96	2049.71	2047.66	2047.69	6620	0	16
2024.01.12	15:00:00	2047.70	2047.87	2045.17	2045.88	12811	0	16
2024.01.12	15:15:00	2045.98	2049.22	2044.27	2048.52	11585	0	16
2024.01.12	15:30:00	2048.49	2056.10	2048.49	2054.30	28559	0	16
2024.01.12	15:45:00	2054.30	2056.71	2052.68	2056.02	19243	0	16
2024.01.12	16:00:00	2056.03	2059.17	2053.37	2054.10	18985	0	16
2024.01.12	16:15:00	2054.13	2058.07	2053.23	2057.87	12998	0	16
2024.01.12	16:30:00	2057.91	2062.33	2057.53	2060.79	22554	0	16
2024.01.12	16:45:00	2060.78	2060.90	2054.95	2055.71	18955	0	16
2024.01.12	17:00:00	2055.69	2059.64	2055.00	2058.86	17803	0	16
2024.01.12	17:15:00	2058.86	2060.13	2056.54	2057.99	14670	0	16
2024.01.12	17:30:00	2058.00	2058.62	2051.55	2052.24	16055	0	16
2024.01.12	17:45:00	2052.25	2054.32	2050.78	2053.71	15034	0	16
2024.01.12	18:00:00	2053.71	2054.04	2050.97	2052.51	13083	0	16
2024.01.12	18:15:00	2052.50	2055.61	2051.51	2055.36	12403	0	16
2024.01.12	18:30:00	2055.35	2055.38	2050.01	2051.88	11890	0	16
2024.01.12	18:45:00	2051.88	2051.95	2048.15	2048.37	11620	0	16
2024.01.12	19:00:00	2048.36	2048.65	2044.71	2045.10	11357	0	18
2024.01.12	19:15:00	2045.09	2045.26	2042.54	2043.71	11707	0	18
2024.01.12	19:30:00	2043.72	2044.05	2041.56	2042.81	9517	0	18
2024.01.12	19:45:00	2042.84	2045.09	2041.29	2043.99	10244	0	18
2024.01.12	20:00:00	2043.99	2045.98	2042.87	2045.55	8465	0	18
2024.01.12	20:15:00	2045.54	2048.74	2045.18	2046.92	9005	0	18
2024.01.12	20:30:00	2046.82	2047.72	2045.45	2046.07	5742	0	18
2024.01.12	20:45:00	2046.06	2047.68	2045.53	2047.47	4645	0	18
2024.01.12	21:00:00	2047.37	2049.19	2047.11	2048.71	5071	0	18
2024.01.12	21:15:00	2048.70	2049.22	2048.06	2048.24	4429	0	18
2024.01.12	21:30:00	2048.23	2048.86	2046.39	2046.40	4530	0	18
2024.01.12	21:45:00	2046.50	2047.48	2046.08	2047.29	4253	0	18
2024.01.12	22:00:00	2047.30	2047.75	2046.59	2047.24	3367	0	18
2024.01.12	22:15:00	2047.25	2047.54	2046.61	2046.87	2499	0	18
2024.01.12	22:30:00	2046.89	2047.10	2045.98	2046.08	2551	0	18
2024.01.12	22:45:00	2046.09	2047.60	2045.98	2047.39	3298	0	18
2024.01.12	23:00:00	2047.33	2047.74	2046.81	2047.26	754	0	4
2024.01.12	23:15:00	2047.26	2048.29	2047.22	2047.94	419	0	4
2024.01.12	23:30:00	2047.83	2048.74	2047.83	2048.42	620	0	29
2024.01.12	23:45:00	2048.40	2049.26	2048.17	2048.81	783	0	19
2024.01.15	01:00:00	2047.90	2048.78	2046.95	2047.44	1540	0	0
2024.01.15	01:15:00	2047.54	2047.91	2046.83	2046.84	869	0	20
2024.01.15	01:30:00	2046.94	2048.73	2046.17	2048.39	1690	0	20
2024.01.15	01:45:00	2048.36	2048.44	2047.10	2047.57	978	0	4
2024.01.15	02:00:00	2047.55	2047.71	2045.68	2046.96	1883	0	20
2024.01.15	02:15:00	2046.96	2048.18	2046.55	2047.98	1487	0	10
2024.01.15	02:30:00	2047.88	2048.49	2047.49	2047.86	1194	0	20
2024.01.15	02:45:00	2047.86	2048.47	2047.18	2047.86	1261	0	20
2024.01.15	03:00:00	2047.84	2049.28	2047.54	2048.27	2114	0	20
2024.01.15	03:15:00	2048.25	2049.34	2047.35	2048.89	2101	0	20
2024.01.15	03:30:00	2048.89	2050.98	2048.55	2050.86	2370	0	20
2024.01.15	03:45:00	2050.97	2051.45	2050.43	2051.07	2273	0	20
2024.01.15	04:00:00	2050.97	2051.37	2049.70	2050.82	2212	0	20
2024.01.15	04:15:00	2050.81	2055.20	2050.50	2054.61	3326	0	20
2024.01.15	04:30:00	2054.61	2055.50	2053.86	2054.39	2419	0	20
2024.01.15	04:45:00	2054.41	2056.44	2053.90	2056.24	2241	0	20
2024.01.15	05:00:00	2056.22	2056.73	2055.39	2055.82	2033	0	20
2024.01.15	05:15:00	2055.93	2056.84	2055.69	2056.55	1510	0	20
2024.01.15	05:30:00	2056.55	2058.02	2056.07	2057.91	1823	0	20
2024.01.15	05:45:00	2057.94	2058.09	2056.33	2057.34	2088	0	20
2024.01.15	06:00:00	2057.34	2057.48	2055.09	2055.23	1878	0	4
2024.01.15	06:15:00	2055.23	2055.52	2053.45	2053.73	1427	0	4
2024.01.15	06:30:00	2053.83	2054.89	2053.45	2054.89	1232	0	6
2024.01.15	06:45:00	2054.79	2054.87	2054.03	2054.26	700	0	4
2024.01.15	07:00:00	2054.26	2054.59	2052.87	2054.20	1860	0	4
2024.01.15	07:15:00	2054.10	2054.55	2053.73	2053.95	671	0	4
2024.01.15	07:30:00	2053.95	2055.14	2053.95	2054.82	1209	0	4
2024.01.15	07:45:00	2054.85	2055.62	2054.45	2054.97	1113	0	4
2024.01.15	08:00:00	2054.97	2055.16	2053.76	2054.63	1424	0	7
2024.01.15	08:15:00	2054.64	2056.38	2054.33	2056.30	2267	0	20
2024.01.15	08:30:00	2056.30	2057.06	2055.58	2056.41	3405	0	19
2024.01.15	08:45:00	2056.40	2057.00	2054.86	2055.33	3713	0	19
2024.01.15	09:00:00	2055.34	2055.94	2054.11	2055.12	4189	0	19
2024.01.15	09:15:00	2055.12	2055.22	2053.72	2054.40	3905	0	19
2024.01.15	09:30:00	2054.40	2054.72	2052.80	2054.69	6777	0	16
2024.01.15	09:45:00	2054.69	2055.18	2053.34	2054.10	4420	0	16
2024.01.15	10:00:00	2054.09	2057.15	2053.71	2056.49	5201	0	16
2024.01.15	10:15:00	2056.69	2056.75	2054.99	2056.12	4396	0	16
2024.01.15	10:30:00	2056.22	2058.33	2055.34	2057.89	5275	0	16
2024.01.15	10:45:00	2057.89	2058.66	2056.47	2056.64	4871	0	16
2024.01.15	11:00:00	2056.63	2057.06	2054.63	2056.84	5015	0	16
2024.01.15	11:15:00	2056.84	2057.06	2055.75	2056.06	3513	0	16
2024.01.15	11:30:00	2056.05	2056.47	2053.74	2054.24	4578	0	16
2024.01.15	11:45:00	2054.24	2055.29	2052.82	2054.99	5364	0	16
2024.01.15	12:00:00	2055.00	2055.23	2053.26	2053.64	5128	0	16
2024.01.15	12:15:00	2053.64	2053.91	2051.93	2052.65	4807	0	16
2024.01.15	12:30:00	2052.65	2053.95	2052.14	2053.36	4123	0	16
2024.01.15	12:45:00	2053.37	2053.42	2052.36	2053.03	3595	0	16
2024.01.15	13:00:00	2053.04	2053.81	2052.14	2052.41	3367	0	16
2024.01.15	13:15:00	2052.42	2053.17	2051.41	2052.78	3908	0	16
2024.01.15	13:30:00	2052.78	2053.57	2052.03	2053.36	3326	0	16
2024.01.15	13:45:00	2053.37	2053.84	2052.82	2053.18	3138	0	16
2024.01.15	14:00:00	2053.19	2053.73	2052.43	2052.64	3315	0	16
2024.01.15	14:15:00	2052.65	2053.25	2051.96	2052.23	3295	0	16
